epoch,train_loss,val_loss,learning_rate
1,0.31517556355656384,0.18048097307081917,0.0001
2,0.16938300499837616,0.17814831335021158,0.0001
3,0.16066786239846648,0.18311355627135525,0.0001
4,0.13049613009896938,0.16516519800895038,0.0001
5,0.1110204052684545,0.18387447090562586,0.0001
6,0.09903162751708829,0.20653427282747466,0.0001
7,0.08274038112834661,0.2048073820814724,0.0001
8,0.08524874613609429,0.21412392170926775,1e-05
9,0.0498872008564581,0.22309295409578106,1e-05
